DISTRICT,STATE,COMPANY NAME,ASSETS (MILLIONS),LIABILITIES (MILLIONS)
MD,FL,A21 Inc.,25.2,30.3
D,DE,Abitibibowater Inc.,9937,2213
MD,FL,Accentia Biopharmaceuticals Inc.,134.9,77.6
D,DE,Accredited Home Lenders Holding Co.,799.5,490.7
SD,NY,Apex Silver Mines LTD,721.3,930.9
D,DE,Applied Solar Inc.,17.6,29.1
ND,CA,Asyst Technologies Inc.,295.8,315.4
ND,GA,Atherogenics Inc.,72,40
WD,MI,Aurora Oil Gas Corp.,103.7,134.4
SD,TX,Ausam Energy Corp.,56.3,24.3
D,DE,Aventine Renewable Energy Holdings Inc.,799.5,490.7
ND,CA,Aviza Technology Inc.,2.6,38.3
SD,FL,BankUnited Financial Corporation,37.7,559.7
D,DE,Barzel Industries Inc.,365.8,384.6
HU,TX,Baseline Oil & Gas,80.1,138.9
D,DE,Basin Water Inc.,50.6,14.2
ND,OH,BPI Energy Holdings Inc.,27,15
D,KA,Brooke Corporation,512.9,447.4
D,DE,Building Material Holding Corp.,480.1,481.3
D,DE,Butler International Inc.,96.4,75.5
SD,TX,Capco Energy Inc.,35.5,17.1
ED,NC,Cape Fear Bank Corporation,1.2,10.4
ED,CA,Capitol Corp. of the West,6.8,68
ND,GA,Caraustar Industries Inc.,366,376.8
ND,TX,Cardinal Communications Inc.,0.35,4.4
SD,NY,Charter Communications Corp.,13881,24185
SD,NY,Chemtura Corp.,1587.5,3507.4
ED,VA,Chesapeake Corporation,936.6,937.1
SD,NY,Chrysler LLC.,39300,55200
ED,WI,CIB Maine Bancshares Inc.,104.8,107.2
ED,VA,Circuit City Stores Inc.,3400.1,2323.3
ND,CA,CMR Mortgage Fund II LLC,45.3,22
D,DE,Constar International Inc.,420,538
ND,TX,Crusader Energy Group Inc.,750,325.8
D,DE,Dayton Superior Corp.,288.7,405.9
SD,FL,DNC Multimedia Corporation,1.1,1.2
D,DE,Electroglas Inc.,19.6,31.5
SD,TX,Energy Partners Ltd.,770.4,708.4
ED,TX,EnergyTec Inc.,33.7,12.5
ED,AK,Equity Media Holdings Corporation,103.1,140.6
ND,TX,Espre Solutions Inc.,1.8,5.8
ND,TX,FirstPlus Financial Group Inc.,15,4.5
CD,CA,Fleetwood Enterprises Inc.,559.7,623.5
SD,NY,Forticell Bioscience,1,8.3
SD,NY,General Growth Properties Inc.,29557.3,27293.7
SD,NY,General Motors Corp.,82290,172819
D,DE,GigaBeam Corp.,3.2,9.4
D,AZ,Global Aircraft Dolutions Inc.,4.6,12
MD,FL,GPS Industries Inc.,3,27.9
ND,TX,Guaranty Financial Group Inc.,15391,14390
ND,IL,Hartmarx Corp.,483,261
D,DE,Haynes Lemmerz International Inc.,2801.5,2659.8
D,NV,Herbst Gaming Inc.(Sands Regent),5.7,1179
SD,NY,Hydrogen LLC,0,10
ND,TX,Idearc Inc.,1800,9500
D,AZ,ILX Resorts Inc.,12.9,29.4
D,DE,Indalex Holdings Finance Inc.,356,456
WD,TX,IndentiPHI Inc.,3.1,4.8
WD,TX,Introgen Therapeutics Inc.,9.1,12.9
SD,NY,ION Media Networks Inc.,,3000
ND,IL,ISCO International Inc.,5.3,25.5
D,DE,Isolagen Inc.,,88.1
ND,TX,Knight Energy Corp.,0.5,4.8
ED,VA,LandAmerica Financial Group Inc.,3325.1,2839.8
SD,NY,Lenox Group Inc.,264,238
MD,FL,Life Sciences Inc.,1.2,0.8
WD,VA,Luna Innovations Incorporation,29.8,55.6
SD,NY,Lyondell Chemical Co.,27.1,19.3
D,DE,Magna Entertainment Corp.,1049.4,958.6
SD,CA,Meruelo Maddux Properties Inc.,681.8,342
SD,CA,MicroIslet Inc.,0.9,5
SD,OH,Milacron Inc.,523.3,752
CD,CA,Modtech Holdings Inc.,40.9,34.9
SD,CA,Molecular Imaging Corp.,0.6,16.1
ED,MI,Noble International Ltd.,190.8,38.7
D,DE,Nortel Networks Inc.,11600,11800
CD,CA,North American Scientific Inc.,6.2,5.8
D,DE,Northfield Laboratories Inc.,10.9,1.8
ED,AK,One Shackleford Holdings Corporation,103.1,140.6
ED,TN,Paladin Holdings Inc.,10.8,3.2
SD,TX,Particle Drilling Technologies Inc.,2.9,1.4
SD,FL,Peagus Wireless Corporation,17.4,3.9
D,MN,Petters Group Worldwide LLC/Petters Company Inc.,35.4,2025.6
ND,TX,Pilgrim's Pride Corporation,3751.8,2719
SD,TX,Platina Energy Group Inc.,11.7,13.1
D,DE,PNG Ventures Inc.,39.9,44.6
WD,OK,Powder River Petroleum International Inc.,1.9,57.4
D,DE,Primus Telecommunications Group Inc. Group Inc.,392.7,827.4
D,DE,Proliance International Inc.,160.3,133.5
SD,FL,QSGI Inc.,24,22.7
WD,LA,Saratoga Resources Inc.,169.3,110.6
D,DE,Semgroup LP,6140,7530
SD,FL,SENDTEC Inc.,3.7,17.4
SD,NY,Silicon Graphics Inc.,369.4,664.3
D,DE,Six Flags Inc.,3030.8,2366.2
D,DE,Smurfit-Stone Container Corp.,7420,5582
ND,TX,Sonoran Energy Inc.,47.1,26.4
D,DE,Source Interlink Companies Inc.,2436,1995.5
D,DE,Spansion Inc.,3840,2398
WD,TX,Spectrum Brands Inc.,10074.4,4445.8
D,NV,Station Casinos Inc.,5725,6482.6
D,ID,Sterling Mining Company,11.7,14.2
D,CO,Storm Cat Energy Corporation,154.8,154.5
D,CO,Tapestry Pharmaceuticals Inc.,11.8,3.7
S,NJ,Taragon Corporation,840.7,1
D,KS,Team Financial Inc.,0.7,26.7
D,CO,Telemetrix Inc.,1,13.8
SD,FL,Teleplus World Corp.,10.8,21.2
MD,AL,The Colonial BancGroup Inc.,45,380
D,MD,Thornburg Mortgage,24400,24700
SD,TX,Transmeridian Exploration Inc.,377.9,451.7
D,DE,Triple Crown Media Inc.,33.1,85.9
SD,NY,Tronox Incorporated ,1557,1221.6
D,MD,TVI Corporation,23.3,37.3
ND,CA,Tvia Inc.,5.6,1.1
ED,TX,TWL Corporation,14.3,37.6
WD,TX,TXCO Resources Inc.,431.9,322.8
ND,TX,TXP Corporation,3.6,16.8
SD,NY,U.S. Shipping Partners L.P.,717.4,606.5
D,DE,Velocity Express Corp.,94.1,120.6
D,DE,Vermillion Inc.,7.2,32
D,DE,Versun Energy Corp.,3453,1913.2
CD,CA,Vineyard National Bancorp,2098.7,449.7
ND,GA,Vubotics Inc.,0.02,3.6
D,DE,Washington Mutual Inc.,32896.6,8167
D,DE,WCI Communications Inc.,2178.2,1915
D,DE,Worldspace Inc.,0.3,2.1
ND,IL,Xechem International Inc.,3.9,11.1
