name,frequency
JOSHUA,4851
Timothy,10281
Jeremy,943
NOAH,5281
JAMES,3856
Robert,23464
JOSEPH,4901
Brandon,23050
LUCAS,1958
Brian,14179
Joseph,33853
MICHAEL,6689
Ethan,4920
JACKSON,2413
Nicholas,34323
Jack,1309
JAYDEN,3942
Benjamin,4774
Anthony,29383
John,31344
Jonathan,13444
ANGEL,1081
AIDEN,3609
Samuel,3181
Andrew,32675
William,22094
DANIEL,6624
Christopher,42342
Jonathon,6123
GABRIEL,477
Jacob,22843
CHRISTOPHER,3372
NICHOLAS,2021
ANTHONY,6226
Alexander,15016
BENJAMIN,4898
MASON,2566
Dylan,2598
Nathan,2764
Justin,18857
James,30849
MATTHEW,5211
Zachary,13453
Michael,68977
Kyle,14432
Ryan,32842
David,35448
Jospeh,1443
JACK,2243
TYLER,1820
DAVID,4967
Adam,10980
HENRY,463
Christian,1291
ANDREW,4901
Zachery,710
Austin,5704
JONATHAN,2228
Joshua,34881
WILLIAM,5623
Thomas,9541
JOHN,3332
Jason,11849
ELIJAH,934
Matthew,48387
ETHAN,5847
CHRISTIAN,579
RYAN,3819
NATHAN,4804
Tyler,15159
LOGAN,4616
Daniel,41265
LIAM,1964
Steven,6802
JACOB,7013
Eric,15211
Kevin,22004
ALEXANDER,7288
