quater,time,difference,scoresA,scoresB,scoreA,scoreB,team,character,action,result,distance,object,action2
1,17,-2,0,2,0,2,Chicago,J.Noah,made,2-pt,rim,L.Deng,
1,41,-2,0,2,0,0,Charlotte,G.Henderson,miss,2-pt,2,,
1,42,-2,0,2,0,0,Chicago,J.Noah,rebound,Defensive,,,
1,54,-2,0,2,0,0,Chicago,C.Boozer,miss,2-pt,2,,
1,55,-2,0,2,0,0,Charlotte,B.Biyombo,rebound,Defensive,,,
1,68,-2,0,2,0,0,Chicago,K.Hinrich,violation,kicked,,,
1,78,0,2,2,2,0,Charlotte,J.Adrien,made,2-pt,11,,
1,94,-3,2,5,0,3,Chicago,K.Hinrich,made,3-pt,24,J.Noah,assist
1,107,-3,2,5,0,0,Charlotte,K.Hinrich,foul,Personal,,K.Walker,fouled
1,117,-3,2,5,0,0,Charlotte,G.Henderson,miss,2-pt,13,,
1,118,-3,2,5,0,0,Chicago,J.Noah,rebound,Defensive,,,
1,132,-5,2,7,0,2,Chicago,C.Boozer,made,2-pt,13,,
1,146,-5,2,7,0,0,Charlotte,M.Kidd-Gilchrist,miss,2-pt,10,,
1,147,-5,2,7,0,0,Charlotte,J.Adrien,rebound,Offensive,,,
1,149,-3,4,7,2,0,Charlotte,J.Adrien,made,2-pt,2,,
1,168,-5,4,9,0,2,Chicago,J.Noah,made,2-pt,1,K.Hinrich,assist
1,191,-3,6,9,2,0,Charlotte,B.Biyombo,made,2-pt,15,K.Walker,assist
1,207,-3,6,9,0,0,Chicago,J.Adrien,foul,Shooting,,C.Boozer,fouled
1,207,-4,6,10,0,1,Chicago,C.Boozer,made,free,,,
1,207,-4,6,10,0,0,Chicago,C.Boozer,miss,free,,,
1,209,-4,6,10,0,0,Charlotte,J.Adrien,rebound,Defensive,,,
1,228,-4,6,10,0,0,Charlotte,B.Biyombo,miss,2-pt,3,J.Noah,block
1,230,-4,6,10,0,0,Chicago,J.Noah,rebound,Defensive,,,
1,239,-4,6,10,0,0,Charlotte,C.Boozer,foul,Offensive,,J.Adrien,fouled
1,239,-4,6,10,0,0,Chicago,C.Boozer,turnover,offensive foul,,,
1,255,-4,6,10,0,0,Charlotte,K.Walker,miss,2-pt,17,,
1,257,-4,6,10,0,0,Charlotte,J.Adrien,rebound,Offensive,,,
1,270,-4,6,10,0,0,Charlotte,J.Adrien,miss,2-pt,18,,
1,271,-4,6,10,0,0,Chicago,C.Boozer,rebound,Defensive,,,
1,283,-4,6,10,0,0,Chicago,C.Boozer,miss,2-pt,15,,
1,284,-4,6,10,0,0,Chicago,L.Deng,rebound,Offensive,,,
1,288,-4,6,10,0,0,Chicago,K.Hinrich,miss,3-pt,24,,
1,291,-4,6,10,0,0,Charlotte,K.Walker,rebound,Defensive,,,
1,297,-4,6,10,0,0,Charlotte,K.Hinrich,foul,Shooting,,K.Walker,fouled
1,297,-3,7,10,1,0,Charlotte,K.Walker,made,free,,,
1,297,-3,7,10,0,0,Chicago,N.Robinson,enter,,,K.Hinrich,
1,297,-2,8,10,1,0,Charlotte,K.Walker,made,free,,,
1,310,-2,8,10,0,0,Chicago,J.Noah,turnover,bad pass,,B.Biyombo,steal
1,320,0,10,10,2,0,Charlotte,G.Henderson,made,2-pt,6,,
1,338,0,10,10,0,0,Chicago,R.Hamilton,miss,2-pt,15,,
1,339,0,10,10,0,0,Chicago,J.Noah,miss,2-pt,rim,,
1,339,0,10,10,0,0,Chicago,J.Noah,rebound,Offensive,,,
1,340,0,10,10,0,0,Charlotte,K.Walker,rebound,Defensive,,,
1,344,2,12,10,2,0,Charlotte,K.Walker,made,2-pt,1,,
1,363,2,12,10,0,0,Chicago,L.Deng,miss,2-pt,22,,
1,364,2,12,10,0,0,Charlotte,J.Adrien,rebound,Defensive,,,
1,377,4,14,10,2,0,Charlotte,B.Biyombo,made,2-pt,5,K.Walker,assist
1,394,2,14,12,0,2,Chicago,C.Boozer,made,2-pt,3,,
1,426,2,14,12,0,0,Charlotte,M.Kidd-Gilchrist,miss,2-pt,14,,
1,427,2,14,12,0,0,Chicago,C.Boozer,rebound,Defensive,,,
1,433,2,14,12,0,0,Chicago,J.Noah,miss,2-pt,4,,
1,435,2,14,12,0,0,Charlotte,B.Biyombo,rebound,Defensive,,,
1,441,2,14,12,0,0,Charlotte,G.Henderson,miss,2-pt,18,,
1,443,2,14,12,0,0,Chicago,N.Robinson,rebound,Defensive,,,
1,447,2,14,12,0,0,Chicago,R.Hamilton,miss,2-pt,1,B.Biyombo,block
1,447,2,14,12,0,0,Chicago,Chicago,timeout,full,,,
1,447,2,14,12,0,0,Chicago,Team,rebound,Offensive,,,
1,447,2,14,12,0,0,Charlotte,T.Thomas,enter,,,J.Adrien,
1,463,2,14,12,0,0,Chicago,C.Boozer,miss,2-pt,6,,
1,465,2,14,12,0,0,Charlotte,B.Biyombo,rebound,Defensive,,,
1,469,4,16,12,2,0,Charlotte,M.Kidd-Gilchrist,made,2-pt,2,B.Biyombo,assist
1,487,4,16,12,0,0,Chicago,T.Thomas,foul,Personal,,N.Robinson,fouled
1,496,1,16,15,0,3,Chicago,L.Deng,made,3-pt,25,N.Robinson,assist
1,512,1,16,15,0,0,Charlotte,R.Hamilton,foul,Shooting,,G.Henderson,fouled
1,512,2,17,15,1,0,Charlotte,G.Henderson,made,free,,,
1,512,2,17,15,0,0,Chicago,M.Belinelli,enter,,,R.Hamilton,
1,512,2,17,15,0,0,Chicago,T.Gibson,enter,,,C.Boozer,
1,512,2,17,15,0,0,Charlotte,R.Sessions,enter,,,M.Kidd-Gilchrist,
1,512,3,18,15,1,0,Charlotte,G.Henderson,made,free,,,
1,530,1,18,17,0,2,Chicago,L.Deng,made,2-pt,1,,
1,552,1,18,17,0,0,Charlotte,G.Henderson,miss,2-pt,23,,
1,553,1,18,17,0,0,Chicago,J.Noah,rebound,Defensive,,,
1,567,1,18,17,0,0,Chicago,T.Gibson,miss,2-pt,16,,
1,568,1,18,17,0,0,Charlotte,G.Henderson,rebound,Defensive,,,
1,580,1,18,17,0,0,Charlotte,T.Thomas,miss,2-pt,20,,
1,581,1,18,17,0,0,Chicago,T.Gibson,rebound,Defensive,,,
1,588,1,18,17,0,0,Chicago,N.Robinson,miss,2-pt,8,,
1,588,1,18,17,0,0,Chicago,T.Gibson,rebound,Offensive,,,
1,588,1,18,17,0,0,Chicago,T.Gibson,miss,2-pt,1,,
1,590,1,18,17,0,0,Chicago,N.Robinson,rebound,Offensive,,,
1,591,1,18,17,0,0,Chicago,N.Robinson,turnover,bad pass,,,
1,591,1,18,17,0,0,Charlotte,Charlotte,timeout,full,,,
1,591,1,18,17,0,0,Chicago,J.Butler,enter,,,L.Deng,
1,591,1,18,17,0,0,Charlotte,B.Gordon,enter,,,B.Biyombo,
1,591,1,18,17,0,0,Charlotte,B.Haywood,enter,,,G.Henderson,
1,612,1,18,17,0,0,Charlotte,T.Thomas,miss,2-pt,15,,
1,615,1,18,17,0,0,Chicago,T.Gibson,rebound,Defensive,,,
1,625,-1,18,19,0,2,Chicago,M.Belinelli,made,2-pt,1,J.Noah,assist
1,644,-1,18,19,0,0,Charlotte,K.Walker,miss,2-pt,16,N.Robinson,block
1,644,-1,18,19,0,0,Charlotte,Team,rebound,Offensive,,,
1,649,-1,18,19,0,0,Charlotte,K.Walker,miss,3-pt,26,,
1,652,-1,18,19,0,0,Chicago,N.Robinson,rebound,Defensive,,,
1,658,-3,18,21,0,2,Chicago,T.Gibson,made,2-pt,rim,J.Butler,assist
1,665,-3,18,21,0,0,Charlotte,Charlotte,timeout,second,,,
1,685,-3,18,21,0,0,Charlotte,T.Thomas,miss,2-pt,16,,
1,687,-3,18,21,0,0,Chicago,M.Belinelli,rebound,Defensive,,,
1,691,-3,18,21,0,0,Chicago,N.Robinson,miss,3-pt,26,,
1,693,-3,18,21,0,0,Charlotte,B.Gordon,rebound,Defensive,,,
1,714,-3,18,21,0,0,Charlotte,R.Sessions,miss,2-pt,11,,
1,715,-3,18,21,0,0,Charlotte,T.Thomas,rebound,Offensive,,,
1,720,-3,18,21,0,0,Charlotte,K.Walker,miss,2-pt,2,T.Gibson,block
1,720,-3,18,21,0,0,Chicago,T.Gibson,rebound,Defensive,,,
2,720,-3,18,21,0,0,Charlotte,J.Adrien,enter,,,T.Thomas,
2,730,-3,18,21,0,0,Charlotte,N.Robinson,foul,Shooting,,B.Haywood,fouled
2,730,-3,18,21,0,0,Charlotte,B.Haywood,miss,free,,,
2,730,-3,18,21,0,0,Charlotte,Team,rebound,Offensive,,,
2,730,-3,18,21,0,0,Charlotte,B.Haywood,miss,free,,,
2,732,-3,18,21,0,0,Chicago,T.Gibson,rebound,Defensive,,,
2,745,-3,18,21,0,0,Chicago,J.Taylor,foul,Personal,,J.Noah,fouled
2,752,-5,18,23,0,2,Chicago,N.Robinson,made,2-pt,8,,
2,768,-3,20,23,2,0,Charlotte,B.Haywood,made,2-pt,9,R.Sessions,assist
2,789,-3,20,23,0,0,Chicago,J.Taylor,foul,Shooting,,J.Butler,fouled
2,789,-4,20,24,0,1,Chicago,J.Butler,made,free,,,
2,789,-5,20,25,0,1,Chicago,J.Butler,made,free,,,
2,804,-5,20,25,0,0,Chicago,N.Robinson,violation,kicked,,,
2,804,-5,20,25,0,0,Charlotte,M.Kidd-Gilchrist,enter,,,J.Taylor,
2,819,-5,20,25,0,0,Charlotte,B.Gordon,miss,2-pt,18,,
2,820,-5,20,25,0,0,Chicago,N.Robinson,rebound,Defensive,,,
2,826,-7,20,27,0,2,Chicago,N.Robinson,made,2-pt,20,,
2,844,-7,20,27,0,0,Charlotte,M.Kidd-Gilchrist,miss,2-pt,3,T.Gibson,block
2,846,-7,20,27,0,0,Charlotte,J.Adrien,rebound,Offensive,,,
2,847,-5,22,27,2,0,Charlotte,J.Adrien,made,2-pt,1,,
2,866,-7,22,29,0,2,Chicago,J.Butler,made,2-pt,15,,
2,878,-7,22,29,0,0,Charlotte,R.Sessions,miss,2-pt,20,,
2,879,-7,22,29,0,0,Chicago,J.Noah,rebound,Defensive,,,
2,886,-7,22,29,0,0,Chicago,T.Gibson,miss,2-pt,2,J.Adrien,block
2,888,-7,22,29,0,0,Charlotte,M.Kidd-Gilchrist,rebound,Defensive,,,
2,900,-7,22,29,0,0,Charlotte,J.Butler,foul,Personal,,R.Sessions,fouled
2,905,-7,22,29,0,0,Charlotte,B.Gordon,miss,2-pt,21,,
2,906,-7,22,29,0,0,Chicago,N.Robinson,rebound,Defensive,,,
2,918,-9,22,31,0,2,Chicago,M.Belinelli,made,2-pt,2,J.Noah,assist
2,939,-9,22,31,0,0,Charlotte,R.Sessions,miss,2-pt,1,N.Robinson,block
2,939,-9,22,31,0,0,Chicago,Team,rebound,Defensive,,,
2,939,-9,22,31,0,0,Chicago,Chicago,timeout,full,,,
2,939,-9,22,31,0,0,Charlotte,B.Biyombo,enter,,,R.Sessions,
2,939,-9,22,31,0,0,Charlotte,K.Walker,enter,,,B.Haywood,
2,957,-9,22,31,0,0,Chicago,M.Belinelli,miss,3-pt,24,,
2,958,-9,22,31,0,0,Charlotte,B.Biyombo,rebound,Defensive,,,
2,982,-9,22,31,0,0,Charlotte,K.Walker,miss,2-pt,13,N.Robinson,block
2,982,-9,22,31,0,0,Charlotte,Team,rebound,Offensive,,,
2,982,-9,22,31,0,0,Charlotte,Team,turnover,shot clock,,,
2,1004,-11,22,33,0,2,Chicago,J.Butler,made,2-pt,2,,
2,1016,-8,25,33,3,0,Charlotte,B.Gordon,made,3-pt,24,,
2,1029,-10,25,35,0,2,Chicago,J.Butler,made,2-pt,2,,
2,1048,-10,25,35,0,0,Charlotte,T.Gibson,foul,Shooting,,J.Adrien,fouled
2,1048,-10,25,35,0,0,Charlotte,J.Adrien,miss,free,,,
2,1048,-10,25,35,0,0,Charlotte,Team,rebound,Offensive,,,
2,1048,-10,25,35,0,0,Chicago,L.Deng,enter,,,M.Belinelli,
2,1048,-10,25,35,0,0,Chicago,C.Boozer,enter,,,J.Noah,
2,1048,-9,26,35,1,0,Charlotte,J.Adrien,made,free,,,
2,1060,-9,26,35,0,0,Chicago,L.Deng,turnover,lost ball,,B.Biyombo,steal
2,1072,-9,26,35,0,0,Charlotte,B.Biyombo,turnover,traveling,,,
2,1092,-11,26,37,0,2,Chicago,C.Boozer,made,2-pt,2,,
2,1114,-11,26,37,0,0,Charlotte,B.Gordon,turnover,lost ball,,N.Robinson,steal
2,1122,-14,26,40,0,3,Chicago,L.Deng,made,3-pt,24,N.Robinson,assist
2,1128,-14,26,40,0,0,Charlotte,Charlotte,timeout,full,,,
2,1128,-14,26,40,0,0,Charlotte,B.Haywood,enter,,,B.Biyombo,
2,1128,-14,26,40,0,0,Charlotte,G.Henderson,enter,,,B.Gordon,
2,1137,-14,26,40,0,0,Charlotte,N.Robinson,foul,Personal,,K.Walker,fouled
2,1153,-14,26,40,0,0,Charlotte,G.Henderson,miss,2-pt,17,,
2,1153,-14,26,40,0,0,Charlotte,Team,rebound,Offensive,,,
2,1162,-14,26,40,0,0,Charlotte,C.Boozer,foul,def 3 sec,,,
2,1162,-14,26,40,0,0,Charlotte,G.Henderson,miss,technical,,,
2,1162,-14,26,40,0,0,Charlotte,Team,rebound,Offensive,,,
2,1175,-14,26,40,0,0,Charlotte,B.Haywood,turnover,bad pass,,,
2,1193,-14,26,40,0,0,Chicago,T.Gibson,turnover,3 sec,,,
2,1216,-12,28,40,2,0,Charlotte,K.Walker,made,2-pt,8,,
2,1232,-12,28,40,0,0,Chicago,C.Boozer,miss,2-pt,13,,
2,1233,-12,28,40,0,0,Charlotte,K.Walker,rebound,Defensive,,,
2,1236,-12,28,40,0,0,Charlotte,N.Robinson,foul,Shooting,,K.Walker,fouled
2,1236,-11,29,40,1,0,Charlotte,K.Walker,made,free,,,
2,1236,-11,29,40,0,0,Chicago,K.Hinrich,enter,,,N.Robinson,
2,1236,-11,29,40,0,0,Charlotte,R.Sessions,enter,,,M.Kidd-Gilchrist,
2,1236,-11,29,40,0,0,Chicago,J.Noah,enter,,,T.Gibson,
2,1236,-10,30,40,1,0,Charlotte,K.Walker,made,free,,,
2,1261,-10,30,40,0,0,Chicago,C.Boozer,miss,2-pt,16,J.Adrien,block
2,1262,-10,30,40,0,0,Charlotte,J.Adrien,rebound,Defensive,,,
2,1281,-7,33,40,3,0,Charlotte,K.Walker,made,3-pt,26,R.Sessions,assist
2,1294,-7,33,40,0,0,Chicago,B.Haywood,foul,def 3 sec,,,
2,1294,-7,33,40,0,0,Chicago,Chicago,timeout,full,,,
2,1294,-7,33,40,0,0,Chicago,J.Butler,miss,technical,,,
2,1294,-7,33,40,0,0,Chicago,Team,rebound,Offensive,,,
2,1304,-7,33,40,0,0,Chicago,K.Hinrich,miss,2-pt,17,,
2,1305,-7,33,40,0,0,Chicago,C.Boozer,rebound,Offensive,,,
2,1317,-7,33,40,0,0,Chicago,J.Butler,miss,2-pt,3,B.Haywood,block
2,1317,-7,33,40,0,0,Chicago,Team,rebound,Offensive,,,
2,1321,-9,33,42,0,2,Chicago,J.Noah,made,2-pt,3,L.Deng,assist
2,1348,-7,35,42,2,0,Charlotte,B.Haywood,made,2-pt,15,,
2,1348,-7,35,42,0,0,Charlotte,C.Boozer,foul,loose ball,,J.Adrien,fouled
2,1348,-6,36,42,1,0,Charlotte,J.Adrien,made,free,,,
2,1365,-8,36,44,0,2,Chicago,C.Boozer,made,2-pt,5,K.Hinrich,assist
2,1380,-6,38,44,2,0,Charlotte,G.Henderson,made,2-pt,2,K.Walker,assist
2,1389,-6,38,44,0,0,Chicago,G.Henderson,foul,Personal,,L.Deng,fouled
2,1392,-6,38,44,0,0,Chicago,J.Adrien,foul,Personal,,J.Butler,fouled
2,1392,-7,38,45,0,1,Chicago,J.Butler,made,free,,,
2,1392,-8,38,46,0,1,Chicago,J.Butler,made,free,,,
2,1415,-6,40,46,2,0,Charlotte,R.Sessions,made,2-pt,4,,
2,1436,-6,40,46,0,0,Chicago,K.Hinrich,miss,2-pt,12,,
2,1438,-6,40,46,0,0,Chicago,J.Butler,rebound,Offensive,,,
2,1440,-9,40,49,0,3,Chicago,K.Hinrich,made,3-pt,27,C.Boozer,assist
3,1454,-9,40,49,0,0,Charlotte,M.Kidd-Gilchrist,miss,2-pt,6,J.Noah,block
3,1456,-9,40,49,0,0,Chicago,C.Boozer,rebound,Defensive,,,
3,1465,-9,40,49,0,0,Charlotte,K.Walker,violation,kicked,,,
3,1473,-9,40,49,0,0,Chicago,R.Hamilton,miss,2-pt,17,,
3,1475,-9,40,49,0,0,Charlotte,M.Kidd-Gilchrist,rebound,Defensive,,,
3,1494,-9,40,49,0,0,Charlotte,J.Adrien,turnover,3 sec,,,
3,1508,-9,40,49,0,0,Chicago,L.Deng,turnover,bad pass,,,
3,1534,-9,40,49,0,0,Charlotte,G.Henderson,miss,2-pt,17,,
3,1535,-9,40,49,0,0,Chicago,R.Hamilton,rebound,Defensive,,,
3,1550,-9,40,49,0,0,Chicago,R.Hamilton,miss,2-pt,7,,
3,1551,-9,40,49,0,0,Charlotte,B.Biyombo,rebound,Defensive,,,
3,1565,-7,42,49,2,0,Charlotte,J.Adrien,made,2-pt,16,K.Walker,assist
3,1583,-7,42,49,0,0,Chicago,M.Kidd-Gilchrist,foul,Shooting,,C.Boozer,fouled
3,1583,-7,42,49,0,0,Chicago,C.Boozer,miss,free,,,
3,1583,-7,42,49,0,0,Chicago,Team,rebound,Offensive,,,
3,1583,-7,42,49,0,0,Chicago,C.Boozer,miss,free,,,
3,1584,-7,42,49,0,0,Charlotte,B.Biyombo,rebound,Defensive,,,
3,1605,-7,42,49,0,0,Charlotte,G.Henderson,turnover,lost ball,,J.Noah,steal
3,1610,-9,42,51,0,2,Chicago,R.Hamilton,made,2-pt,2,L.Deng,assist
3,1610,-9,42,51,0,0,Charlotte,J.Adrien,violation,def,,,
3,1629,-9,42,51,0,0,Charlotte,K.Walker,miss,3-pt,25,,
3,1630,-9,42,51,0,0,Chicago,J.Noah,rebound,Defensive,,,
3,1637,-9,42,51,0,0,Chicago,R.Hamilton,turnover,step out of bounds,,,
3,1659,-7,44,51,2,0,Charlotte,K.Walker,made,2-pt,17,,
3,1687,-7,44,51,0,0,Chicago,K.Hinrich,miss,2-pt,19,,
3,1688,-7,44,51,0,0,Chicago,J.Noah,rebound,Offensive,,,
3,1692,-7,44,51,0,0,Chicago,C.Boozer,miss,2-pt,17,,
3,1693,-7,44,51,0,0,Charlotte,G.Henderson,rebound,Defensive,,,
3,1697,-5,46,51,2,0,Charlotte,G.Henderson,made,2-pt,2,,
3,1715,-5,46,51,0,0,Chicago,C.Boozer,miss,2-pt,1,,
3,1716,-5,46,51,0,0,Charlotte,M.Kidd-Gilchrist,rebound,Defensive,,,
3,1727,-5,46,51,0,0,Charlotte,G.Henderson,miss,2-pt,17,,
3,1728,-5,46,51,0,0,Chicago,J.Noah,rebound,Defensive,,,
3,1742,-5,46,51,0,0,Chicago,G.Henderson,foul,Personal,,L.Deng,fouled
3,1748,-7,46,53,0,2,Chicago,C.Boozer,made,2-pt,1,J.Noah,assist
3,1763,-7,46,53,0,0,Charlotte,R.Hamilton,foul,Personal,,G.Henderson,fouled
3,1763,-7,46,53,0,0,Charlotte,R.Sessions,enter,,,M.Kidd-Gilchrist,
3,1763,-7,46,53,0,0,Charlotte,B.Gordon,enter,,,G.Henderson,
3,1777,-7,46,53,0,0,Charlotte,J.Adrien,miss,2-pt,20,,
3,1778,-7,46,53,0,0,Chicago,J.Noah,rebound,Defensive,,,
3,1788,-7,46,53,0,0,Chicago,J.Noah,miss,2-pt,1,,
3,1789,-7,46,53,0,0,Charlotte,J.Adrien,rebound,Defensive,,,
3,1809,-4,49,53,3,0,Charlotte,B.Gordon,made,3-pt,23,K.Walker,assist
3,1825,-4,49,53,0,0,Chicago,B.Gordon,foul,Shooting,,L.Deng,fouled
3,1825,-4,49,53,0,0,Chicago,Chicago,timeout,full,,,
3,1825,-4,49,53,0,0,Chicago,J.Butler,enter,,,R.Hamilton,
3,1825,-4,49,53,0,0,Chicago,L.Deng,miss,free,,,
3,1825,-4,49,53,0,0,Chicago,Team,rebound,Offensive,,,
3,1825,-5,49,54,0,1,Chicago,L.Deng,made,free,,,
3,1841,-5,49,54,0,0,Charlotte,B.Gordon,miss,2-pt,5,L.Deng,block
3,1842,-5,49,54,0,0,Chicago,J.Butler,rebound,Defensive,,,
3,1845,-5,49,54,0,0,Chicago,J.Butler,turnover,bad pass,,R.Sessions,steal
3,1845,-3,51,54,2,0,Charlotte,J.Adrien,made,2-pt,1,R.Sessions,assist
3,1845,-3,51,54,0,0,Charlotte,J.Butler,foul,Shooting,,J.Adrien,fouled
3,1845,-3,51,54,0,0,Charlotte,J.Adrien,miss,free,,,
3,1847,-3,51,54,0,0,Charlotte,J.Adrien,rebound,Offensive,,,
3,1856,-1,53,54,2,0,Charlotte,B.Gordon,made,2-pt,4,,
3,1872,-1,53,54,0,0,Chicago,B.Biyombo,foul,def 3 sec,,,
3,1872,-2,53,55,0,1,Chicago,L.Deng,made,technical,,,
3,1888,-2,53,55,0,0,Chicago,L.Deng,miss,3-pt,24,,
3,1889,-2,53,55,0,0,Chicago,J.Noah,rebound,Offensive,,,
3,1891,-2,53,55,0,0,Chicago,J.Noah,miss,2-pt,2,,
3,1892,-2,53,55,0,0,Chicago,L.Deng,miss,2-pt,1,,
3,1892,-2,53,55,0,0,Chicago,L.Deng,rebound,Offensive,,,
3,1893,-2,53,55,0,0,Charlotte,J.Adrien,rebound,Defensive,,,
3,1900,-2,53,55,0,0,Charlotte,K.Walker,miss,3-pt,25,,
3,1900,-2,53,55,0,0,Chicago,J.Butler,rebound,Defensive,,,
3,1900,-2,53,55,0,0,Chicago,B.Biyombo,foul,Personal,,J.Butler,fouled
3,1920,-2,53,55,0,0,Chicago,J.Butler,miss,3-pt,23,,
3,1921,-2,53,55,0,0,Charlotte,R.Sessions,rebound,Defensive,,,
3,1944,0,55,55,2,0,Charlotte,K.Walker,made,2-pt,18,,
3,1966,0,55,55,0,0,Chicago,R.Sessions,foul,Shooting,,J.Butler,fouled
3,1966,-1,55,56,0,1,Chicago,J.Butler,made,free,,,
3,1966,-1,55,56,0,0,Chicago,T.Gibson,enter,,,C.Boozer,
3,1966,-1,55,56,0,0,Charlotte,B.Haywood,enter,,,B.Biyombo,
3,1966,-1,55,56,0,0,Charlotte,T.Thomas,enter,,,J.Adrien,
3,1966,-1,55,56,0,0,Chicago,J.Butler,miss,free,,,
3,1968,-1,55,56,0,0,Charlotte,T.Thomas,rebound,Defensive,,,
3,1985,-1,55,56,0,0,Charlotte,B.Gordon,miss,2-pt,6,J.Butler,block
3,1987,-1,55,56,0,0,Chicago,J.Butler,rebound,Defensive,,,
3,1990,-3,55,58,0,2,Chicago,J.Noah,made,2-pt,2,J.Butler,assist
3,1990,-3,55,58,0,0,Chicago,B.Haywood,foul,Shooting,,J.Noah,fouled
3,1990,-3,55,58,0,0,Chicago,Chicago,timeout,full,,,
3,1990,-3,55,58,0,0,Chicago,N.Robinson,enter,,,L.Deng,
3,1990,-4,55,59,0,1,Chicago,J.Noah,made,free,,,
3,2011,-4,55,59,0,0,Charlotte,N.Robinson,foul,Personal,,K.Walker,fouled
3,2023,-4,55,59,0,0,Charlotte,R.Sessions,miss,2-pt,2,,
3,2024,-4,55,59,0,0,Chicago,J.Noah,rebound,Defensive,,,
3,2042,-7,55,62,0,3,Chicago,N.Robinson,made,3-pt,25,K.Hinrich,assist
3,2069,-7,55,62,0,0,Charlotte,K.Walker,miss,2-pt,20,,
3,2069,-7,55,62,0,0,Charlotte,Team,rebound,Offensive,,,
3,2069,-7,55,62,0,0,Charlotte,Team,turnover,shot clock,,,
3,2089,-7,55,62,0,0,Charlotte,T.Gibson,foul,Offensive,,B.Gordon,fouled
3,2089,-7,55,62,0,0,Chicago,T.Gibson,turnover,offensive foul,,,
3,2089,-7,55,62,0,0,Charlotte,M.Kidd-Gilchrist,enter,,,T.Thomas,
3,2089,-7,55,62,0,0,Charlotte,G.Henderson,enter,,,K.Walker,
3,2104,-7,55,62,0,0,Charlotte,M.Kidd-Gilchrist,miss,2-pt,20,,
3,2105,-7,55,62,0,0,Charlotte,B.Haywood,miss,2-pt,2,,
3,2105,-7,55,62,0,0,Charlotte,B.Haywood,rebound,Offensive,,,
3,2107,-7,55,62,0,0,Charlotte,Team,rebound,Offensive,,,
3,2116,-7,55,62,0,0,Charlotte,M.Kidd-Gilchrist,miss,2-pt,6,,
3,2117,-7,55,62,0,0,Charlotte,B.Haywood,rebound,Offensive,,,
3,2127,-7,55,62,0,0,Charlotte,R.Sessions,miss,2-pt,19,,
3,2128,-7,55,62,0,0,Chicago,N.Robinson,rebound,Defensive,,,
3,2128,-7,55,62,0,0,Chicago,B.Haywood,foul,Personal,,T.Gibson,fouled
3,2128,-7,55,62,0,0,Chicago,T.Gibson,miss,free,,,
3,2128,-7,55,62,0,0,Chicago,Team,rebound,Offensive,,,
3,2128,-8,55,63,0,1,Chicago,T.Gibson,made,free,,,
3,2141,-8,55,63,0,0,Charlotte,B.Gordon,turnover,bad pass,,,
3,2159,-8,55,63,0,0,Chicago,N.Robinson,miss,2-pt,2,,
3,2160,-8,55,63,0,0,Charlotte,R.Sessions,rebound,Defensive,,,
3,2160,-8,55,63,0,0,Charlotte,G.Henderson,miss,3-pt,40,,
3,2160,-8,55,63,0,0,Charlotte,Team,rebound,Offensive,,,
4,2178,-11,55,66,0,3,Chicago,N.Robinson,made,3-pt,25,J.Noah,assist
4,2192,-11,55,66,0,0,Charlotte,G.Henderson,turnover,lost ball,,N.Robinson,steal
4,2195,-13,55,68,0,2,Chicago,J.Butler,made,2-pt,1,N.Robinson,assist
4,2195,-13,55,68,0,0,Charlotte,Charlotte,timeout,full,,,
4,2209,-11,57,68,2,0,Charlotte,G.Henderson,made,2-pt,14,,
4,2235,-11,57,68,0,0,Chicago,M.Belinelli,miss,3-pt,23,,
4,2236,-11,57,68,0,0,Charlotte,B.Haywood,rebound,Defensive,,,
4,2246,-11,57,68,0,0,Charlotte,M.Kidd-Gilchrist,miss,2-pt,3,J.Noah,block
4,2248,-11,57,68,0,0,Chicago,T.Gibson,rebound,Defensive,,,
4,2251,-14,57,71,0,3,Chicago,N.Robinson,made,3-pt,25,J.Noah,assist
4,2252,-14,57,71,0,0,Chicago,Team,violation,delay,,,
4,2263,-14,57,71,0,0,Charlotte,B.Gordon,miss,2-pt,20,,
4,2264,-14,57,71,0,0,Chicago,J.Noah,rebound,Defensive,,,
4,2272,-14,57,71,0,0,Chicago,N.Robinson,miss,2-pt,2,,
4,2273,-14,57,71,0,0,Charlotte,B.Gordon,rebound,Defensive,,,
4,2278,-12,59,71,2,0,Charlotte,B.Gordon,made,2-pt,19,,
4,2304,-12,59,71,0,0,Chicago,B.Haywood,foul,Personal,,N.Robinson,fouled
4,2311,-12,59,71,0,0,Chicago,N.Robinson,miss,2-pt,18,,
4,2312,-12,59,71,0,0,Chicago,J.Noah,rebound,Offensive,,,
4,2314,-12,59,71,0,0,Chicago,J.Noah,miss,2-pt,2,B.Haywood,block
4,2315,-12,59,71,0,0,Charlotte,B.Haywood,rebound,Defensive,,,
4,2320,-10,61,71,2,0,Charlotte,R.Sessions,made,2-pt,1,,
4,2344,-12,61,73,0,2,Chicago,J.Noah,made,2-pt,21,,
4,2349,-12,61,73,0,0,Charlotte,R.Sessions,turnover,lost ball,,N.Robinson,steal
4,2354,-12,61,73,0,0,Chicago,N.Robinson,miss,3-pt,23,,
4,2355,-14,61,75,0,2,Chicago,N.Robinson,made,2-pt,3,,
4,2355,-14,61,75,0,0,Chicago,N.Robinson,rebound,Offensive,,,
4,2356,-14,61,75,0,0,Charlotte,Charlotte,timeout,full,,,
4,2356,-14,61,75,0,0,Charlotte,B.Biyombo,enter,,,M.Kidd-Gilchrist,
4,2356,-14,61,75,0,0,Charlotte,J.Adrien,enter,,,R.Sessions,
4,2356,-14,61,75,0,0,Charlotte,K.Walker,enter,,,B.Haywood,
4,2372,-12,63,75,2,0,Charlotte,B.Biyombo,made,2-pt,4,J.Adrien,assist
4,2394,-12,63,75,0,0,Chicago,J.Adrien,foul,Shooting,,T.Gibson,fouled
4,2394,-13,63,76,0,1,Chicago,T.Gibson,made,free,,,
4,2394,-13,63,76,0,0,Chicago,T.Gibson,miss,free,,,
4,2395,-13,63,76,0,0,Charlotte,B.Biyombo,rebound,Defensive,,,
4,2417,-10,66,76,3,0,Charlotte,K.Walker,made,3-pt,27,,
4,2444,-12,66,78,0,2,Chicago,T.Gibson,made,2-pt,16,J.Noah,assist
4,2460,-12,66,78,0,0,Charlotte,B.Biyombo,turnover,out of bounds lost ball,,,
4,2481,-14,66,80,0,2,Chicago,J.Noah,made,2-pt,1,M.Belinelli,assist
4,2499,-11,69,80,3,0,Charlotte,B.Gordon,made,3-pt,24,K.Walker,assist
4,2516,-11,69,80,0,0,Chicago,J.Noah,turnover,dbl dribble,,,
4,2516,-11,69,80,0,0,Charlotte,M.Kidd-Gilchrist,enter,,,G.Henderson,
4,2516,-11,69,80,0,0,Charlotte,R.Sessions,enter,,,J.Adrien,
4,2533,-11,69,80,0,0,Charlotte,R.Sessions,miss,2-pt,2,,
4,2534,-11,69,80,0,0,Chicago,T.Gibson,rebound,Defensive,,,
4,2545,-11,69,80,0,0,Chicago,M.Belinelli,miss,3-pt,23,,
4,2547,-11,69,80,0,0,Charlotte,M.Kidd-Gilchrist,rebound,Defensive,,,
4,2551,-11,69,80,0,0,Charlotte,N.Robinson,foul,Shooting,,M.Kidd-Gilchrist,fouled
4,2551,-10,70,80,1,0,Charlotte,M.Kidd-Gilchrist,made,free,,,
4,2551,-10,70,80,0,0,Chicago,L.Deng,enter,,,M.Belinelli,
4,2551,-10,70,80,0,0,Chicago,K.Hinrich,enter,,,N.Robinson,
4,2551,-9,71,80,1,0,Charlotte,M.Kidd-Gilchrist,made,free,,,
4,2563,-11,71,82,0,2,Chicago,J.Butler,made,2-pt,21,K.Hinrich,assist
4,2574,-11,71,82,0,0,Charlotte,K.Hinrich,foul,Personal,,K.Walker,fouled
4,2583,-11,71,82,0,0,Charlotte,K.Walker,miss,3-pt,24,,
4,2584,-11,71,82,0,0,Chicago,J.Noah,rebound,Defensive,,,
4,2603,-11,71,82,0,0,Chicago,K.Hinrich,miss,3-pt,25,,
4,2604,-11,71,82,0,0,Charlotte,M.Kidd-Gilchrist,rebound,Defensive,,,
4,2612,-8,74,82,3,0,Charlotte,B.Gordon,made,3-pt,25,,
4,2628,-8,74,82,0,0,Chicago,R.Sessions,foul,Personal,,L.Deng,fouled
4,2628,-8,74,82,0,0,Chicago,C.Boozer,enter,,,T.Gibson,
4,2628,-8,74,82,0,0,Charlotte,J.Adrien,enter,,,M.Kidd-Gilchrist,
4,2637,-8,74,82,0,0,Chicago,L.Deng,miss,3-pt,25,,
4,2638,-8,74,82,0,0,Charlotte,B.Biyombo,rebound,Defensive,,,
4,2652,-8,74,82,0,0,Charlotte,B.Biyombo,miss,2-pt,2,J.Noah,block
4,2654,-8,74,82,0,0,Chicago,J.Noah,rebound,Defensive,,,
4,2657,-8,74,82,0,0,Chicago,J.Noah,turnover,bad pass,,,
4,2674,-8,74,82,0,0,Charlotte,R.Sessions,miss,2-pt,3,,
4,2676,-8,74,82,0,0,Chicago,L.Deng,rebound,Defensive,,,
4,2686,-8,74,82,0,0,Chicago,J.Adrien,foul,Personal,,C.Boozer,fouled
4,2693,-8,74,82,0,0,Chicago,L.Deng,miss,2-pt,2,,
4,2695,-8,74,82,0,0,Chicago,J.Noah,miss,2-pt,1,,
4,2695,-8,74,82,0,0,Chicago,J.Noah,rebound,Offensive,,,
4,2696,-8,74,82,0,0,Chicago,J.Butler,rebound,Offensive,,,
4,2698,-10,74,84,0,2,Chicago,J.Butler,made,2-pt,2,,
4,2715,-10,74,84,0,0,Charlotte,B.Gordon,miss,2-pt,11,,
4,2716,-10,74,84,0,0,Charlotte,B.Biyombo,rebound,Offensive,,,
4,2716,-8,76,84,2,0,Charlotte,B.Biyombo,made,2-pt,1,,
4,2716,-8,76,84,0,0,Charlotte,C.Boozer,foul,Shooting,,B.Biyombo,fouled
4,2716,-8,76,84,0,0,Charlotte,Charlotte,timeout,full,,,
4,2716,-8,76,84,0,0,Charlotte,B.Biyombo,miss,free,,,
4,2716,-8,76,84,0,0,Charlotte,Team,rebound,Offensive,,,
4,2716,-8,76,84,0,0,Charlotte,J.Noah,foul,Personal,,J.Adrien,fouled
4,2728,-8,76,84,0,0,Charlotte,C.Boozer,foul,Shooting,,J.Adrien,fouled
4,2728,-7,77,84,1,0,Charlotte,J.Adrien,made,free,,,
4,2728,-6,78,84,1,0,Charlotte,J.Adrien,made,free,,,
4,2742,-6,78,84,0,0,Chicago,J.Butler,miss,2-pt,17,,
4,2743,-6,78,84,0,0,Chicago,J.Noah,rebound,Offensive,,,
4,2763,-6,78,84,0,0,Chicago,K.Hinrich,miss,3-pt,26,,
4,2764,-6,78,84,0,0,Chicago,J.Butler,rebound,Offensive,,,
4,2767,-8,78,86,0,2,Chicago,J.Butler,made,2-pt,2,,
4,2777,-8,78,86,0,0,Charlotte,L.Deng,foul,Personal,,R.Sessions,fouled
4,2777,-7,79,86,1,0,Charlotte,R.Sessions,made,free,,,
4,2777,-6,80,86,1,0,Charlotte,R.Sessions,made,free,,,
4,2777,-6,80,86,0,0,Chicago,Chicago,timeout,full,,,
4,2777,-6,80,86,0,0,Chicago,N.Robinson,enter,,,J.Butler,
4,2795,-8,80,88,0,2,Chicago,C.Boozer,made,2-pt,1,N.Robinson,assist
4,2807,-8,80,88,0,0,Charlotte,C.Boozer,foul,def 3 sec,,,
4,2807,-7,81,88,1,0,Charlotte,R.Sessions,made,technical,,,
4,2807,-7,81,88,0,0,Charlotte,M.Kidd-Gilchrist,enter,,,B.Biyombo,
4,2807,-7,81,88,0,0,Chicago,T.Gibson,enter,,,C.Boozer,
4,2807,-7,81,88,0,0,Chicago,J.Butler,enter,,,N.Robinson,
4,2818,-7,81,88,0,0,Charlotte,B.Gordon,turnover,bad pass,,K.Hinrich,steal
4,2839,-7,81,88,0,0,Chicago,M.Kidd-Gilchrist,foul,Shooting,,T.Gibson,fouled
4,2839,-7,81,88,0,0,Chicago,T.Gibson,miss,free,,,
4,2839,-7,81,88,0,0,Chicago,Team,rebound,Offensive,,,
4,2839,-8,81,89,0,1,Chicago,T.Gibson,made,free,,,
4,2851,-8,81,89,0,0,Charlotte,B.Gordon,miss,3-pt,26,,
4,2852,-8,81,89,0,0,Charlotte,J.Adrien,rebound,Offensive,,,
4,2860,-8,81,89,0,0,Charlotte,B.Gordon,miss,2-pt,17,K.Hinrich,block
4,2860,-8,81,89,0,0,Charlotte,B.Gordon,rebound,Offensive,,,
4,2860,-6,83,89,2,0,Charlotte,B.Gordon,made,2-pt,2,,
4,2861,-6,83,89,0,0,Chicago,B.Gordon,foul,Personal,,K.Hinrich,fouled
4,2861,-7,83,90,0,1,Chicago,K.Hinrich,made,free,,,
4,2861,-8,83,91,0,1,Chicago,K.Hinrich,made,free,,,
4,2861,-8,83,91,0,0,Charlotte,Charlotte,timeout,full,,,
4,2862,-6,85,91,2,0,Charlotte,M.Kidd-Gilchrist,made,2-pt,3,R.Sessions,assist
4,2863,-6,85,91,0,0,Chicago,R.Sessions,foul,Personal,,L.Deng,fouled
4,2863,-7,85,92,0,1,Chicago,L.Deng,made,free,,,
4,2863,-8,85,93,0,1,Chicago,L.Deng,made,free,,,
4,2863,-8,85,93,0,0,Charlotte,Charlotte,timeout,second,,,
4,2867,-8,85,93,0,0,Charlotte,K.Walker,miss,2-pt,2,T.Gibson,block
4,2870,-8,85,93,0,0,Charlotte,K.Walker,rebound,Offensive,,,
4,2872,-8,85,93,0,0,Charlotte,K.Walker,miss,2-pt,2,J.Noah,block
4,2873,-8,85,93,0,0,Chicago,L.Deng,rebound,Defensive,,,
4,2880,-8,85,93,,end,end,end,end,end,end,end,end
