name,weight
Aaron,46
Abadam,124
Abbe,390
Abbet,372
Abbey,382
Abbot,601
Abbott,612
Abbs,327
Abby1,278
Abdey,176
Abdle,633
Abe,445
Abel,607
Abell,236
Abelson,419
Bab,88
Babb,24
Babbie,144
Babbitt,700
Babbs,517
Babcoek,351
Baber,379
Babette,348
Babington,322
Babs,86
Bacchus,467
Bach,231
Bache],148
Bacheler,332
Bacheller,242
batson,529
beer,309
sBridgeman,583
Cable,26
Cadburyry,147
Cadd,647
Caddellll,303
Caddickck,239
Caddiee,670
Caddockck,237
Cade1,245
Cadelll,595
Cadge,107
Cadle,96
Cadmann,302
Cadoganan,105
Cadwallader,191
Cadwellll,110
caffynn,408
candacece,46
carnegiegie,305
chafenn,142
cody1,706
collinn,504
cronk,375
curd,360
Dabbs,16
Dabinettett,318
Dabneyy,636
Dabsonn,373
Dabs,135
Dack,65
Dacre,39
Daddoww,331
Dadds,654
Dadd,202
Dade,81
Dadswellell,666
Daffeyy,21
Daffodildil,475
Daft,166
Eacockk,121
Ead,507
Eade1,77
Eaden,546
Eades,608
Eadie,290
Eadmeadesades,167
Eadnaadsads,477
Eadon,336
Eads,707
Eady,558
Eagan,578
Eagar,695
Eagerss,225
Eagg,500
edmed,302
Yves,128
Fabiann,156
Facey,209
Facon,528
Fagan,91
Fage,151
Fagg,348
Fagge,505
Fahey,234
Fahy,113
Failess,520
Fails,418
Fainann,420
Fainnanan,668
Fair,241
Fairbairnairn,107
farnallll,154
fayerbrother,161
Gabby,28
Gabe,588
Gable,465
Gablerr,526
Gabrielel,479
Gabrielleelle,636
Gadd,364
Gaddesdensden,360
Gadesdenden,318
GadSbyy,411
Gadsdenen,27
Gadsdonon,513
Gaffeyy,574
Gafficancan,271
Gaffikinkin,197
Hab,235
Habberjamrjam,14
Habbeshawshaw,298
Habbiee,550
Habbishawshaw,88
Habershamsham,287
Habershonshon,163
Habeshawhaw,101
Habishawhaw,360
Hack,238
Hackerr,359
Hackett1tt1,28
Hackingng,88
Hackwoodood,423
Hacon,75
hazeldinedine,608
Ian,690
Iain1,208
Iansonn,593
Ianthee,175
Ib,691
Ibbersonson,578
Ibbesonon,220
Ibbetsonson,214
Ibbisonon,574
Ibbotss,501
Ibbotsonson,46
Ibbottsts,109
Ibbs,428
Ibby,368
Ibson,616
guard,268
Jabez,459
Jack1,85
Jackamanman,454
Jacketttt,278
Jackettstts,68
Jackiee,603
Jacklinin,497
Jacklinging,46
Jackmanan,664
Jacks,211
Jacksonon,462
Jacob,252
Jacobaa,224
Jacobbebe,217
Jacobbb,94
Kain,325
Kaine,454
Kainess,537
Kalkerr,188
Kaley,665
Kane,90
Karen,222
Karin,252
Karl,143
Karla,124
Karla,612
Karol,676
Karslakeake,649
Kashmanan,706
Kasimirir,487
killenn,169
knocktonton,45
Labernn,288
Lacey,527
Lace,525
Lachiee,62
Lachlanan,624
Lachy,621
Lack,649
Lackenbynby,78
Lacklinsoninson,693
Lacklisonison,272
Lacy,312
Ladbrookook,273
Ladd,71
Ladds,135
Ladelll,687
laniganan,573
latch,274
leacockck,59
leathleyley,119
legwoodod,229
lewie,517
longfordord,648
Mabb,573
Mabbetttt,646
Mabbott,143
Mabbs,555
Mabbutttt,141
Mabel,683
Maben,133
Mabon,379
Mabsonn,478
Mac,121
MacAfeeee,341
Macalpinepine,89
Macalpinpin,525
Maccuss,390
Mace,441
martellll,44
Nabby,86
Nadinee,106
Nadlerr,456
Naesmithith,669
Nagle,492
Nahamee,238
Nahum,417
Nairn,586
Naish,487
Naismithith,501
Nalderr,579
Naldrettett,138
Nally,421
Nan,684
Nana,276
Oade,613
Oades,306
Oag,82
Oak,39
Oakdenn,685
Oake,465
Oakeleyey,506
Oker,414
Oakes,46
Oaklandnd,684
Oakleyy,281
Oaks,27
Oastlerer,134
Oaten,560
Oates,66
brackanan,48
braddenen,637
cuddiee,618
0ris,227
oley,323
llive,550
naughtonton,235
neill,14
onsloww,141
quin,487
quyn,390
reagann,198
reddiee,609
roney,637
Ruddonn,630
ruddy,309
Scullyy,665
Shanleyey,598
ower,415
Pace,101
Pacey,336
Pack,325
Packardrd,377
Packe,317
Packerr,130
Packhamam,85
Packmanan,133
Packwoodood,689
Pacockk,582
Pacy,80
Paddockck,364
Paddonn,643
Paddy11,240
Padfieldeld,693
pellerr,156
speak,423
poucherer,201
take,251
pruce,471
Quad,220
Quaid,78
Quail,157
Quailee,680
Quainee,413
QuaIe,504
Qualterer,533
Qualterough,475
Qualtersers,680
Qualterough,570
Quant,361
Quantrellrell,266
Quantrillrill,682
Quard,305
Quark,645
Rab,50
Rabb,696
Rabb,440
Rabbattstts,267
Rabbiee,424
Rabbiee,117
Rabbitsts,241
Rabbittette,669
Rabbittstts,604
Rabbitttt,184
Rabey,698
Rabie,521
Rablann,428
Rablinn,621
Sabbenn,363
Sabbertcnrtcn,629
Sabin,390
Sabinaa,404
Sabinee,371
Sablinn,336
Sack,541
Sackerr,291
Sacketttt,426
Sackvilleille,169
Sadd,682
Saddingtonngton,344
Saddlerer,277
sauterr,687
scrimgerger,452
seeds,274
seymorere,164
silletttt,143
sims,147
spillaneane,639
stan,568
strangeways,427
sturnpp,406
swainee,105
Tabardd,703
Tabbitttt,83
Taber,115
Tabithaha,160
Tabor,430
Taffy,148
Taft,192
Tagartt,588
Taggardrd,123
Taggartrt,457
Tague,694
Tait,617
Talbott,208
Talbotttt,234
Talboysys,691
blTichborne,646
ence,362
Ughtreded,527
Ulricaa,297
Ulysseses,481
Umfrevilleville,570
Umfrevilleted,362
Umphraville,423
UUmplebyeby,552
Uren,574
Urey,691
Uriah,265
Uriah,81
Urlingg,514
Urquhartart,404
Ursulaa,503
UUrwinn,566
Vail,692
Vaiseyy,653
Vale,89
Valentinetine,665
Valeriaia,703
Valerianian,101
Valerieie,541
Valeryy,663
Valet,93
Valettt,38
Valiantnt,262
Ventersrs,242
Ventonn,103
Vemtressess,100
Ventrassass,91
ty,245
Wagstaffaff,371
Wagstaffeaffe,21
Waide,83
Waiderr,614
Waidsonon,140
Wailerr,167
Wailess,704
Wain,63
Wainess,603
Wainewright,134
Waine,340
Wainmanan,348
Wainrightight,167
Wainwrightright,575
Waisonn,674
ham,260
ock,182
wooWeechech,669
whitWhitaker,642
Xavierr,246
Xenla,81
XerYalele,659
Yap,62
Yapp,625
Yarboroughrough,13
Yarbroughough,458
Yard,263
Yardleyey,91
Yarroww,21
Yarwoodod,610
Yates,650
Yate,584
an,470
Yaxleyy,669
Yeamann,529
Yeatmanan,135
Yate,356
Zacchaeusaeus,21
Zaccheuseus,139
Zach,319
Zacharyry,612
Zandraa,615
ZanZarara,624
Zara,541
Zeale,666
Zealeyy,439
Zebulonon,177
Zechariahriah,451
Zedekiahiah,388
Zelle,244
Zena,382
Zenas,315